lng,lat
-70.75937675353535,-33.51621293333333
-70.75937675353535,-33.513462266666664
-70.75937675353535,-33.513462266666664
-70.75937675353535,-33.5107116
-70.75937675353535,-33.5107116
-70.75937675353535,-33.49695826666667
-70.75566256161615,-33.51621293333333
-70.75566256161615,-33.513462266666664
-70.75566256161615,-33.49695826666667
-70.75566256161615,-33.4942076
-70.75194836969695,-33.4942076
-70.75194836969695,-33.49145693333333
-70.75194836969695,-33.48870626666667
-70.75194836969695,-33.485955600000004
-70.75194836969695,-33.48320493333333
-70.74823417777776,-33.49145693333333
-70.74823417777776,-33.48870626666667
-70.74823417777776,-33.485955600000004
-70.74823417777776,-33.48320493333333
-70.74823417777776,-33.48320493333333
-70.74823417777776,-33.48045426666667
-70.74823417777776,-33.477703600000005
-70.74451998585859,-33.48870626666667
-70.74451998585859,-33.485955600000004
-70.74451998585859,-33.48320493333333
-70.74451998585859,-33.48320493333333
-70.74451998585859,-33.48045426666667
-70.74451998585859,-33.48045426666667
-70.74451998585859,-33.477703600000005
-70.74451998585859,-33.47495293333333
-70.74080579393939,-33.485955600000004
-70.74080579393939,-33.48320493333333
-70.74080579393939,-33.48045426666667
-70.74080579393939,-33.48045426666667
-70.74080579393939,-33.477703600000005
-70.74080579393939,-33.47495293333333
-70.74080579393939,-33.44744626666667
-70.74080579393939,-33.4446956
-70.74080579393939,-33.4446956
-70.7370916020202,-33.48045426666667
-70.7370916020202,-33.477703600000005
-70.7370916020202,-33.47495293333333
-70.7370916020202,-33.47220226666667
-70.7370916020202,-33.46119960000001
-70.73337741010101,-33.47495293333333
-70.73337741010101,-33.47220226666667
-70.73337741010101,-33.4694516
-70.72966321818181,-33.4446956
-70.72966321818181,-33.44194493333333
-70.72594902626263,-33.463950266666664
-70.72594902626263,-33.46119960000001
-70.72594902626263,-33.45844893333334
-70.72594902626263,-33.45844893333334
-70.72594902626263,-33.455698266666666
-70.72594902626263,-33.455698266666666
-70.72594902626263,-33.4529476
-70.72594902626263,-33.4529476
-70.72594902626263,-33.45019693333333
-70.72594902626263,-33.44744626666667
-70.72594902626263,-33.44744626666667
-70.72594902626263,-33.4446956
-70.72594902626263,-33.4446956
-70.72594902626263,-33.4446956
-70.72594902626263,-33.4446956
-70.72594902626263,-33.44194493333333
-70.72594902626263,-33.44194493333333
-70.72594902626263,-33.43919426666667
-70.72223483434342,-33.463950266666664
-70.72223483434342,-33.46119960000001
-70.72223483434342,-33.46119960000001
-70.72223483434342,-33.46119960000001
-70.72223483434342,-33.45844893333334
-70.72223483434342,-33.45844893333334
-70.72223483434342,-33.45844893333334
-70.72223483434342,-33.45844893333334
-70.72223483434342,-33.455698266666666
-70.72223483434342,-33.455698266666666
-70.72223483434342,-33.455698266666666
-70.72223483434342,-33.455698266666666
-70.72223483434342,-33.4529476
-70.72223483434342,-33.4529476
-70.72223483434342,-33.4529476
-70.72223483434342,-33.45019693333333
-70.72223483434342,-33.45019693333333
-70.72223483434342,-33.45019693333333
-70.72223483434342,-33.44744626666667
-70.72223483434342,-33.44744626666667
-70.72223483434342,-33.44744626666667
-70.72223483434342,-33.44744626666667
-70.72223483434342,-33.4446956
-70.72223483434342,-33.4446956
-70.72223483434342,-33.4446956
-70.72223483434342,-33.4446956
-70.72223483434342,-33.4446956
-70.72223483434342,-33.4446956
-70.72223483434342,-33.44194493333333
-70.72223483434342,-33.44194493333333
-70.72223483434342,-33.44194493333333
-70.71852064242422,-33.463950266666664
-70.71852064242422,-33.46119960000001
-70.71852064242422,-33.46119960000001
-70.71852064242422,-33.46119960000001
-70.71852064242422,-33.46119960000001
-70.71852064242422,-33.45844893333334
-70.71852064242422,-33.45844893333334
-70.71852064242422,-33.45844893333334
-70.71852064242422,-33.45844893333334
-70.71852064242422,-33.45844893333334
-70.71852064242422,-33.45844893333334
-70.71852064242422,-33.45844893333334
-70.71852064242422,-33.45844893333334
-70.71852064242422,-33.45844893333334
-70.71852064242422,-33.455698266666666
-70.71852064242422,-33.455698266666666
-70.71852064242422,-33.455698266666666
-70.71852064242422,-33.455698266666666
-70.71852064242422,-33.455698266666666
-70.71852064242422,-33.455698266666666
-70.71852064242422,-33.455698266666666
-70.71852064242422,-33.4529476
-70.71852064242422,-33.4529476
-70.71852064242422,-33.4529476
-70.71852064242422,-33.4529476
-70.71852064242422,-33.45019693333333
-70.71852064242422,-33.45019693333333
-70.71852064242422,-33.44744626666667
-70.71852064242422,-33.44744626666667
-70.71852064242422,-33.4446956
-70.71852064242422,-33.4446956
-70.71852064242422,-33.44194493333333
-70.71852064242422,-33.44194493333333
-70.71852064242422,-33.43919426666667
-70.71480645050505,-33.46119960000001
-70.71480645050505,-33.45844893333334
-70.71480645050505,-33.45844893333334
-70.71480645050505,-33.45844893333334
-70.71480645050505,-33.45844893333334
-70.71480645050505,-33.45844893333334
-70.71480645050505,-33.45844893333334
-70.71480645050505,-33.45844893333334
-70.71480645050505,-33.45844893333334
-70.71480645050505,-33.45844893333334
-70.71480645050505,-33.45844893333334
-70.71480645050505,-33.45844893333334
-70.71480645050505,-33.455698266666666
-70.71480645050505,-33.455698266666666
-70.71480645050505,-33.455698266666666
-70.71480645050505,-33.455698266666666
-70.71480645050505,-33.455698266666666
-70.71480645050505,-33.455698266666666
-70.71480645050505,-33.455698266666666
-70.71480645050505,-33.4529476
-70.71480645050505,-33.4529476
-70.71480645050505,-33.4446956
-70.71480645050505,-33.44194493333333
-70.71109225858585,-33.46670093333333
-70.71109225858585,-33.463950266666664
-70.71109225858585,-33.46119960000001
-70.71109225858585,-33.46119960000001
-70.71109225858585,-33.46119960000001
-70.71109225858585,-33.45844893333334
-70.71109225858585,-33.45844893333334
-70.71109225858585,-33.45844893333334
-70.71109225858585,-33.45844893333334
-70.71109225858585,-33.45844893333334
-70.71109225858585,-33.455698266666666
-70.71109225858585,-33.455698266666666
-70.70737806666666,-33.46670093333333
-70.70737806666666,-33.463950266666664
-70.70737806666666,-33.463950266666664
-70.70737806666666,-33.463950266666664
-70.70737806666666,-33.46119960000001
-70.70737806666666,-33.46119960000001
-70.70737806666666,-33.46119960000001
-70.70737806666666,-33.46119960000001
-70.70737806666666,-33.46119960000001
-70.70737806666666,-33.45844893333334
-70.70737806666666,-33.45844893333334
-70.70737806666666,-33.45844893333334
-70.70737806666666,-33.45844893333334
-70.70737806666666,-33.45844893333334
-70.70737806666666,-33.45844893333334
-70.70737806666666,-33.45844893333334
-70.70737806666666,-33.45844893333334
-70.70737806666666,-33.455698266666666
-70.70737806666666,-33.455698266666666
-70.70737806666666,-33.44194493333333
-70.70737806666666,-33.43919426666667
-70.70366387474749,-33.46670093333333
-70.70366387474749,-33.463950266666664
-70.70366387474749,-33.463950266666664
-70.70366387474749,-33.46119960000001
-70.70366387474749,-33.46119960000001
-70.70366387474749,-33.46119960000001
-70.70366387474749,-33.46119960000001
-70.70366387474749,-33.45844893333334
-70.70366387474749,-33.45844893333334
-70.70366387474749,-33.45844893333334
-70.70366387474749,-33.45844893333334
-70.70366387474749,-33.45844893333334
-70.69994968282829,-33.463950266666664
-70.69994968282829,-33.46119960000001
-70.69994968282829,-33.46119960000001
-70.69994968282829,-33.45844893333334
-70.69994968282829,-33.45844893333334
-70.69994968282829,-33.45844893333334
-70.69994968282829,-33.45844893333334
-70.69994968282829,-33.455698266666666
-70.69994968282829,-33.455698266666666
-70.69994968282829,-33.455698266666666
-70.69994968282829,-33.455698266666666
-70.69994968282829,-33.455698266666666
-70.69994968282829,-33.455698266666666
-70.69994968282829,-33.4529476
-70.69994968282829,-33.4529476
-70.69623549090909,-33.52171426666667
-70.69623549090909,-33.5189636
-70.69623549090909,-33.51621293333333
-70.69623549090909,-33.513462266666664
-70.69623549090909,-33.45844893333334
-70.69623549090909,-33.45844893333334
-70.69623549090909,-33.45844893333334
-70.69623549090909,-33.455698266666666
-70.69623549090909,-33.455698266666666
-70.69623549090909,-33.455698266666666
-70.69623549090909,-33.455698266666666
-70.69623549090909,-33.4529476
-70.69623549090909,-33.4529476
-70.6925212989899,-33.5189636
-70.6925212989899,-33.5189636
-70.6925212989899,-33.51621293333333
-70.6925212989899,-33.513462266666664
-70.6925212989899,-33.45844893333334
-70.6925212989899,-33.45844893333334
-70.6925212989899,-33.45844893333334
-70.6925212989899,-33.45844893333334
-70.6925212989899,-33.45844893333334
-70.6925212989899,-33.455698266666666
-70.6925212989899,-33.455698266666666
-70.6925212989899,-33.455698266666666
-70.6925212989899,-33.455698266666666
-70.6925212989899,-33.455698266666666
-70.6925212989899,-33.455698266666666
-70.6925212989899,-33.455698266666666
-70.6925212989899,-33.455698266666666
-70.6925212989899,-33.455698266666666
-70.6925212989899,-33.4529476
-70.6925212989899,-33.4529476
-70.6925212989899,-33.45019693333333
-70.6925212989899,-33.45019693333333
-70.6925212989899,-33.45019693333333
-70.6925212989899,-33.43919426666667
-70.6925212989899,-33.4364436
-70.6888071070707,-33.5189636
-70.6888071070707,-33.51621293333333
-70.6888071070707,-33.513462266666664
-70.6888071070707,-33.463950266666664
-70.6888071070707,-33.46119960000001
-70.6888071070707,-33.46119960000001
-70.6888071070707,-33.46119960000001
-70.6888071070707,-33.46119960000001
-70.6888071070707,-33.46119960000001
-70.6888071070707,-33.45844893333334
-70.6888071070707,-33.45844893333334
-70.6888071070707,-33.45844893333334
-70.6888071070707,-33.45844893333334
-70.6888071070707,-33.45844893333334
-70.6888071070707,-33.45844893333334
-70.6888071070707,-33.45844893333334
-70.6888071070707,-33.45844893333334
-70.6888071070707,-33.45844893333334
-70.6888071070707,-33.45844893333334
-70.6888071070707,-33.45844893333334
-70.6888071070707,-33.455698266666666
-70.6888071070707,-33.455698266666666
-70.6888071070707,-33.455698266666666
-70.6888071070707,-33.455698266666666
-70.6888071070707,-33.455698266666666
-70.6888071070707,-33.455698266666666
-70.6888071070707,-33.455698266666666
-70.6888071070707,-33.455698266666666
-70.6888071070707,-33.455698266666666
-70.6888071070707,-33.455698266666666
-70.6888071070707,-33.455698266666666
-70.6888071070707,-33.455698266666666
-70.6888071070707,-33.455698266666666
-70.6888071070707,-33.455698266666666
-70.6888071070707,-33.455698266666666
-70.6888071070707,-33.455698266666666
-70.6888071070707,-33.455698266666666
-70.6888071070707,-33.455698266666666
-70.6888071070707,-33.4529476
-70.6888071070707,-33.4529476
-70.6888071070707,-33.4529476
-70.6888071070707,-33.4529476
-70.6888071070707,-33.4529476
-70.6888071070707,-33.4529476
-70.6888071070707,-33.4529476
-70.6888071070707,-33.4529476
-70.6888071070707,-33.4529476
-70.6888071070707,-33.4529476
-70.6888071070707,-33.4529476
-70.6888071070707,-33.4529476
-70.6888071070707,-33.4529476
-70.6888071070707,-33.4529476
-70.6888071070707,-33.4529476
-70.6888071070707,-33.4529476
-70.6888071070707,-33.4529476
-70.6888071070707,-33.4529476
-70.6888071070707,-33.4529476
-70.6888071070707,-33.4529476
-70.6888071070707,-33.4529476
-70.6888071070707,-33.45019693333333
-70.6888071070707,-33.45019693333333
-70.6888071070707,-33.45019693333333
-70.6888071070707,-33.45019693333333
-70.6888071070707,-33.45019693333333
-70.6888071070707,-33.45019693333333
-70.6888071070707,-33.45019693333333
-70.6888071070707,-33.45019693333333
-70.6888071070707,-33.45019693333333
-70.6888071070707,-33.45019693333333
-70.6888071070707,-33.45019693333333
-70.6888071070707,-33.45019693333333
-70.6888071070707,-33.45019693333333
-70.6888071070707,-33.44744626666667
-70.6888071070707,-33.44744626666667
-70.6888071070707,-33.44744626666667
-70.6888071070707,-33.44744626666667
-70.6888071070707,-33.44744626666667
-70.6888071070707,-33.44744626666667
-70.6888071070707,-33.4446956
-70.6888071070707,-33.4446956
-70.6888071070707,-33.44194493333333
-70.6888071070707,-33.43919426666667
-70.6888071070707,-33.4364436
-70.68509291515151,-33.463950266666664
-70.68509291515151,-33.46119960000001
-70.68509291515151,-33.46119960000001
-70.68509291515151,-33.46119960000001
-70.68509291515151,-33.46119960000001
-70.68509291515151,-33.46119960000001
-70.68509291515151,-33.46119960000001
-70.68509291515151,-33.46119960000001
-70.68509291515151,-33.45844893333334
-70.68509291515151,-33.45844893333334
-70.68509291515151,-33.45844893333334
-70.68509291515151,-33.45844893333334
-70.68509291515151,-33.45844893333334
-70.68509291515151,-33.45844893333334
-70.68509291515151,-33.45844893333334
-70.68509291515151,-33.45844893333334
-70.68509291515151,-33.45844893333334
-70.68509291515151,-33.45844893333334
-70.68509291515151,-33.45844893333334
-70.68509291515151,-33.45844893333334
-70.68509291515151,-33.45844893333334
-70.68509291515151,-33.45844893333334
-70.68509291515151,-33.45844893333334
-70.68509291515151,-33.455698266666666
-70.68509291515151,-33.455698266666666
-70.68509291515151,-33.455698266666666
-70.68509291515151,-33.455698266666666
-70.68509291515151,-33.455698266666666
-70.68509291515151,-33.455698266666666
-70.68509291515151,-33.455698266666666
-70.68509291515151,-33.455698266666666
-70.68509291515151,-33.455698266666666
-70.68509291515151,-33.455698266666666
-70.68509291515151,-33.455698266666666
-70.68509291515151,-33.455698266666666
-70.68509291515151,-33.455698266666666
-70.68509291515151,-33.455698266666666
-70.68509291515151,-33.455698266666666
-70.68509291515151,-33.455698266666666
-70.68509291515151,-33.455698266666666
-70.68509291515151,-33.455698266666666
-70.68509291515151,-33.455698266666666
-70.68509291515151,-33.455698266666666
-70.68509291515151,-33.455698266666666
-70.68509291515151,-33.455698266666666
-70.68509291515151,-33.455698266666666
-70.68509291515151,-33.455698266666666
-70.68509291515151,-33.4529476
-70.68509291515151,-33.4529476
-70.68509291515151,-33.4529476
-70.68509291515151,-33.4529476
-70.68509291515151,-33.4529476
-70.68509291515151,-33.4529476
-70.68509291515151,-33.4529476
-70.68509291515151,-33.4529476
-70.68509291515151,-33.4529476
-70.68509291515151,-33.4529476
-70.68509291515151,-33.4529476
-70.68509291515151,-33.4529476
-70.68509291515151,-33.4529476
-70.68509291515151,-33.4529476
-70.68509291515151,-33.4529476
-70.68509291515151,-33.4529476
-70.68509291515151,-33.4529476
-70.68509291515151,-33.4529476
-70.68509291515151,-33.4529476
-70.68509291515151,-33.4529476
-70.68509291515151,-33.4529476
-70.68509291515151,-33.4529476
-70.68509291515151,-33.4529476
-70.68509291515151,-33.4529476
-70.68509291515151,-33.4529476
-70.68509291515151,-33.4529476
-70.68509291515151,-33.4529476
-70.68509291515151,-33.4529476
-70.68509291515151,-33.4529476
-70.68509291515151,-33.4529476
-70.68509291515151,-33.45019693333333
-70.68509291515151,-33.45019693333333
-70.68509291515151,-33.45019693333333
-70.68509291515151,-33.45019693333333
-70.68509291515151,-33.45019693333333
-70.68509291515151,-33.45019693333333
-70.68509291515151,-33.45019693333333
-70.68509291515151,-33.45019693333333
-70.68509291515151,-33.45019693333333
-70.68509291515151,-33.45019693333333
-70.68509291515151,-33.45019693333333
-70.68509291515151,-33.45019693333333
-70.68509291515151,-33.45019693333333
-70.68509291515151,-33.45019693333333
-70.68509291515151,-33.44744626666667
-70.68509291515151,-33.44744626666667
-70.68509291515151,-33.44744626666667
-70.68509291515151,-33.44744626666667
-70.68509291515151,-33.44744626666667
-70.68509291515151,-33.4446956
-70.68509291515151,-33.4446956
-70.68509291515151,-33.44194493333333
-70.68509291515151,-33.43919426666667
-70.68509291515151,-33.4364436
-70.68137872323231,-33.46670093333333
-70.68137872323231,-33.463950266666664
-70.68137872323231,-33.463950266666664
-70.68137872323231,-33.463950266666664
-70.68137872323231,-33.46119960000001
-70.68137872323231,-33.46119960000001
-70.68137872323231,-33.46119960000001
-70.68137872323231,-33.46119960000001
-70.68137872323231,-33.46119960000001
-70.68137872323231,-33.46119960000001
-70.68137872323231,-33.46119960000001
-70.68137872323231,-33.46119960000001
-70.68137872323231,-33.45844893333334
-70.68137872323231,-33.45844893333334
-70.68137872323231,-33.45844893333334
-70.68137872323231,-33.45844893333334
-70.68137872323231,-33.45844893333334
-70.68137872323231,-33.45844893333334
-70.68137872323231,-33.45844893333334
-70.68137872323231,-33.45844893333334
-70.68137872323231,-33.45844893333334
-70.68137872323231,-33.45844893333334
-70.68137872323231,-33.45844893333334
-70.68137872323231,-33.45844893333334
-70.68137872323231,-33.45844893333334
-70.68137872323231,-33.45844893333334
-70.68137872323231,-33.45844893333334
-70.68137872323231,-33.455698266666666
-70.68137872323231,-33.455698266666666
-70.68137872323231,-33.455698266666666
-70.68137872323231,-33.455698266666666
-70.68137872323231,-33.455698266666666
-70.68137872323231,-33.455698266666666
-70.68137872323231,-33.455698266666666
-70.68137872323231,-33.455698266666666
-70.68137872323231,-33.455698266666666
-70.68137872323231,-33.455698266666666
-70.68137872323231,-33.455698266666666
-70.68137872323231,-33.455698266666666
-70.68137872323231,-33.455698266666666
-70.68137872323231,-33.455698266666666
-70.68137872323231,-33.455698266666666
-70.68137872323231,-33.455698266666666
-70.68137872323231,-33.455698266666666
-70.68137872323231,-33.455698266666666
-70.68137872323231,-33.455698266666666
-70.68137872323231,-33.455698266666666
-70.68137872323231,-33.455698266666666
-70.68137872323231,-33.455698266666666
-70.68137872323231,-33.455698266666666
-70.68137872323231,-33.4529476
-70.68137872323231,-33.4529476
-70.68137872323231,-33.4529476
-70.68137872323231,-33.4529476
-70.68137872323231,-33.4529476
-70.68137872323231,-33.4529476
-70.68137872323231,-33.4529476
-70.68137872323231,-33.4529476
-70.68137872323231,-33.4529476
-70.68137872323231,-33.4529476
-70.68137872323231,-33.4529476
-70.68137872323231,-33.4529476
-70.68137872323231,-33.4529476
-70.68137872323231,-33.4529476
-70.68137872323231,-33.4529476
-70.68137872323231,-33.44194493333333
-70.68137872323231,-33.43919426666667
-70.67766453131313,-33.46670093333333
-70.67766453131313,-33.463950266666664
-70.67766453131313,-33.463950266666664
-70.67766453131313,-33.463950266666664
-70.67766453131313,-33.46119960000001
-70.67766453131313,-33.46119960000001
-70.67766453131313,-33.46119960000001
-70.67766453131313,-33.46119960000001
-70.67766453131313,-33.46119960000001
-70.67766453131313,-33.46119960000001
-70.67766453131313,-33.45844893333334
-70.67766453131313,-33.45844893333334
-70.67766453131313,-33.45844893333334
-70.67766453131313,-33.45844893333334
-70.67766453131313,-33.45844893333334
-70.67766453131313,-33.45844893333334
-70.67766453131313,-33.45844893333334
-70.67766453131313,-33.45844893333334
-70.67766453131313,-33.45844893333334
-70.67766453131313,-33.45844893333334
-70.67766453131313,-33.45844893333334
-70.67766453131313,-33.45844893333334
-70.67766453131313,-33.45844893333334
-70.67766453131313,-33.455698266666666
-70.67766453131313,-33.455698266666666
-70.67766453131313,-33.455698266666666
-70.67766453131313,-33.455698266666666
-70.67766453131313,-33.455698266666666
-70.67766453131313,-33.455698266666666
-70.67766453131313,-33.455698266666666
-70.67766453131313,-33.455698266666666
-70.67766453131313,-33.455698266666666
-70.67766453131313,-33.455698266666666
-70.67766453131313,-33.455698266666666
-70.67766453131313,-33.455698266666666
-70.67766453131313,-33.455698266666666
-70.67766453131313,-33.455698266666666
-70.67766453131313,-33.455698266666666
-70.67766453131313,-33.455698266666666
-70.67766453131313,-33.455698266666666
-70.67766453131313,-33.455698266666666
-70.67766453131313,-33.455698266666666
-70.67766453131313,-33.455698266666666
-70.67766453131313,-33.455698266666666
-70.67766453131313,-33.455698266666666
-70.67766453131313,-33.455698266666666
-70.67766453131313,-33.455698266666666
-70.67766453131313,-33.455698266666666
-70.67766453131313,-33.4529476
-70.67766453131313,-33.4529476
-70.67766453131313,-33.4529476
-70.67766453131313,-33.4529476
-70.67766453131313,-33.4529476
-70.67766453131313,-33.4529476
-70.67766453131313,-33.4529476
-70.67766453131313,-33.4529476
-70.67766453131313,-33.4529476
-70.67766453131313,-33.4529476
-70.67766453131313,-33.4529476
-70.67766453131313,-33.4529476
-70.67766453131313,-33.4529476
-70.67766453131313,-33.4529476
-70.67766453131313,-33.4529476
-70.67766453131313,-33.4529476
-70.67766453131313,-33.4529476
-70.67766453131313,-33.4529476
-70.67766453131313,-33.4529476
-70.67766453131313,-33.4529476
-70.67766453131313,-33.4529476
-70.67766453131313,-33.4529476
-70.67766453131313,-33.4529476
-70.67766453131313,-33.4529476
-70.67766453131313,-33.4529476
-70.67766453131313,-33.4529476
-70.67766453131313,-33.4529476
-70.67766453131313,-33.4529476
-70.67766453131313,-33.4529476
-70.67766453131313,-33.4529476
-70.67766453131313,-33.4529476
-70.67766453131313,-33.4529476
-70.67766453131313,-33.4529476
-70.67766453131313,-33.4529476
-70.67766453131313,-33.4529476
-70.67766453131313,-33.4529476
-70.67766453131313,-33.4529476
-70.67766453131313,-33.4529476
-70.67766453131313,-33.4529476
-70.67766453131313,-33.4529476
-70.67766453131313,-33.4529476
-70.67766453131313,-33.4529476
-70.67766453131313,-33.4529476
-70.67766453131313,-33.45019693333333
-70.67766453131313,-33.45019693333333
-70.67766453131313,-33.45019693333333
-70.67395033939394,-33.463950266666664
-70.67395033939394,-33.46119960000001
-70.67395033939394,-33.45844893333334
-70.67395033939394,-33.45844893333334
-70.67395033939394,-33.455698266666666
-70.67395033939394,-33.455698266666666
-70.67395033939394,-33.455698266666666
-70.67395033939394,-33.455698266666666
-70.67395033939394,-33.455698266666666
-70.67395033939394,-33.455698266666666
-70.67395033939394,-33.455698266666666
-70.67395033939394,-33.455698266666666
-70.67395033939394,-33.455698266666666
-70.67395033939394,-33.455698266666666
-70.67395033939394,-33.455698266666666
-70.67395033939394,-33.4529476
-70.67395033939394,-33.4529476
-70.67395033939394,-33.4529476
-70.67395033939394,-33.4529476
-70.67395033939394,-33.4529476
-70.67395033939394,-33.4529476
-70.67395033939394,-33.4529476
-70.67395033939394,-33.4529476
-70.67395033939394,-33.4529476
-70.67395033939394,-33.4529476
-70.67395033939394,-33.4529476
-70.67395033939394,-33.4529476
-70.67395033939394,-33.4529476
-70.67395033939394,-33.4529476
-70.67395033939394,-33.45019693333333
-70.67395033939394,-33.45019693333333
-70.67395033939394,-33.45019693333333
-70.67395033939394,-33.45019693333333
-70.67395033939394,-33.45019693333333
-70.67395033939394,-33.45019693333333
-70.67395033939394,-33.45019693333333
-70.67395033939394,-33.45019693333333
-70.67395033939394,-33.45019693333333
-70.67395033939394,-33.45019693333333
-70.67395033939394,-33.44744626666667
-70.67395033939394,-33.44744626666667
-70.67395033939394,-33.44744626666667
-70.67395033939394,-33.44744626666667
-70.67395033939394,-33.44744626666667
-70.67395033939394,-33.44744626666667
-70.67395033939394,-33.4446956
-70.67395033939394,-33.4446956
-70.67395033939394,-33.4446956
-70.67395033939394,-33.44194493333333
-70.67395033939394,-33.43919426666667
-70.67395033939394,-33.4364436
-70.67395033939394,-33.43369293333333
-70.67023614747474,-33.54922093333334
-70.67023614747474,-33.54647026666667
-70.67023614747474,-33.54096893333333
-70.67023614747474,-33.53821826666667
-70.67023614747474,-33.535467600000004
-70.67023614747474,-33.53271693333333
-70.67023614747474,-33.455698266666666
-70.67023614747474,-33.455698266666666
-70.67023614747474,-33.455698266666666
-70.67023614747474,-33.4529476
-70.67023614747474,-33.4529476
-70.67023614747474,-33.4529476
-70.67023614747474,-33.4529476
-70.67023614747474,-33.4529476
-70.67023614747474,-33.4529476
-70.67023614747474,-33.45019693333333
-70.67023614747474,-33.45019693333333
-70.67023614747474,-33.45019693333333
-70.67023614747474,-33.45019693333333
-70.67023614747474,-33.45019693333333
-70.67023614747474,-33.45019693333333
-70.67023614747474,-33.45019693333333
-70.67023614747474,-33.45019693333333
-70.67023614747474,-33.45019693333333
-70.67023614747474,-33.45019693333333
-70.67023614747474,-33.44744626666667
-70.67023614747474,-33.44744626666667
-70.67023614747474,-33.44744626666667
-70.67023614747474,-33.44744626666667
-70.67023614747474,-33.44744626666667
-70.67023614747474,-33.44744626666667
-70.67023614747474,-33.44744626666667
-70.67023614747474,-33.44744626666667
-70.67023614747474,-33.44744626666667
-70.67023614747474,-33.44744626666667
-70.67023614747474,-33.44744626666667
-70.67023614747474,-33.4446956
-70.67023614747474,-33.4446956
-70.67023614747474,-33.4446956
-70.67023614747474,-33.4446956
-70.67023614747474,-33.4446956
-70.67023614747474,-33.4446956
-70.67023614747474,-33.44194493333333
-70.67023614747474,-33.44194493333333
-70.67023614747474,-33.43919426666667
-70.67023614747474,-33.43919426666667
-70.67023614747474,-33.4364436
-70.67023614747474,-33.4364436
-70.67023614747474,-33.43369293333333
-70.67023614747474,-33.43094226666667
-70.67023614747474,-33.39793426666667
-70.66652195555554,-33.54922093333334
-70.66652195555554,-33.54096893333333
-70.66652195555554,-33.53821826666667
-70.66652195555554,-33.53821826666667
-70.66652195555554,-33.535467600000004
-70.66652195555554,-33.535467600000004
-70.66652195555554,-33.535467600000004
-70.66652195555554,-33.53271693333333
-70.66652195555554,-33.53271693333333
-70.66652195555554,-33.52996626666667
-70.66652195555554,-33.455698266666666
-70.66652195555554,-33.4529476
-70.66652195555554,-33.45019693333333
-70.66652195555554,-33.45019693333333
-70.66652195555554,-33.45019693333333
-70.66652195555554,-33.45019693333333
-70.66652195555554,-33.45019693333333
-70.66652195555554,-33.44744626666667
-70.66652195555554,-33.44744626666667
-70.66652195555554,-33.44744626666667
-70.66652195555554,-33.44744626666667
-70.66652195555554,-33.44744626666667
-70.66652195555554,-33.44744626666667
-70.66652195555554,-33.44744626666667
-70.66652195555554,-33.44744626666667
-70.66652195555554,-33.44744626666667
-70.66652195555554,-33.44744626666667
-70.66652195555554,-33.44744626666667
-70.66652195555554,-33.4446956
-70.66652195555554,-33.4446956
-70.66652195555554,-33.4446956
-70.66652195555554,-33.4446956
-70.66652195555554,-33.4446956
-70.66652195555554,-33.4446956
-70.66652195555554,-33.4446956
-70.66652195555554,-33.44194493333333
-70.66652195555554,-33.44194493333333
-70.66652195555554,-33.43919426666667
-70.66652195555554,-33.43919426666667
-70.66652195555554,-33.4364436
-70.66652195555554,-33.4364436
-70.66652195555554,-33.43369293333333
-70.66652195555554,-33.43094226666667
-70.66280776363638,-33.53821826666667
-70.66280776363638,-33.535467600000004
-70.66280776363638,-33.535467600000004
-70.66280776363638,-33.535467600000004
-70.66280776363638,-33.53271693333333
-70.66280776363638,-33.53271693333333
-70.66280776363638,-33.52996626666667
-70.66280776363638,-33.527215600000005
-70.66280776363638,-33.52446493333333
-70.66280776363638,-33.455698266666666
-70.66280776363638,-33.4529476
-70.66280776363638,-33.4529476
-70.66280776363638,-33.4529476
-70.66280776363638,-33.45019693333333
-70.66280776363638,-33.45019693333333
-70.66280776363638,-33.45019693333333
-70.66280776363638,-33.45019693333333
-70.66280776363638,-33.45019693333333
-70.66280776363638,-33.45019693333333
-70.66280776363638,-33.44744626666667
-70.66280776363638,-33.44744626666667
-70.66280776363638,-33.44744626666667
-70.66280776363638,-33.44744626666667
-70.66280776363638,-33.44744626666667
-70.66280776363638,-33.44744626666667
-70.66280776363638,-33.44744626666667
-70.66280776363638,-33.44744626666667
-70.66280776363638,-33.44744626666667
-70.66280776363638,-33.44744626666667
-70.66280776363638,-33.4446956
-70.66280776363638,-33.4446956
-70.66280776363638,-33.4446956
-70.66280776363638,-33.4446956
-70.66280776363638,-33.4446956
-70.66280776363638,-33.4446956
-70.66280776363638,-33.4446956
-70.66280776363638,-33.4446956
-70.66280776363638,-33.44194493333333
-70.66280776363638,-33.44194493333333
-70.66280776363638,-33.44194493333333
-70.66280776363638,-33.44194493333333
-70.66280776363638,-33.43919426666667
-70.66280776363638,-33.43919426666667
-70.66280776363638,-33.43919426666667
-70.66280776363638,-33.4364436
-70.66280776363638,-33.4364436
-70.66280776363638,-33.43369293333333
-70.65909357171715,-33.53821826666667
-70.65909357171715,-33.535467600000004
-70.65909357171715,-33.53271693333333
-70.65909357171715,-33.52996626666667
-70.65909357171715,-33.527215600000005
-70.65909357171715,-33.52446493333333
-70.65909357171715,-33.5107116
-70.65909357171715,-33.50796093333334
-70.65909357171715,-33.49970893333334
-70.65909357171715,-33.49695826666667
-70.65909357171715,-33.4942076
-70.65909357171715,-33.49145693333333
-70.65909357171715,-33.48870626666667
-70.65909357171715,-33.46670093333333
-70.65909357171715,-33.463950266666664
-70.65909357171715,-33.46119960000001
-70.65909357171715,-33.46119960000001
-70.65909357171715,-33.45844893333334
-70.65909357171715,-33.455698266666666
-70.65909357171715,-33.4529476
-70.65909357171715,-33.4529476
-70.65909357171715,-33.4529476
-70.65909357171715,-33.45019693333333
-70.65909357171715,-33.45019693333333
-70.65909357171715,-33.45019693333333
-70.65909357171715,-33.45019693333333
-70.65909357171715,-33.45019693333333
-70.65909357171715,-33.44744626666667
-70.65909357171715,-33.44744626666667
-70.65909357171715,-33.44744626666667
-70.65909357171715,-33.44744626666667
-70.65909357171715,-33.44744626666667
-70.65909357171715,-33.4446956
-70.65909357171715,-33.44194493333333
-70.65909357171715,-33.43919426666667
-70.65909357171715,-33.43919426666667
-70.65909357171715,-33.43919426666667
-70.65909357171715,-33.43919426666667
-70.65909357171715,-33.4364436
-70.65909357171715,-33.4364436
-70.65537937979798,-33.53271693333333
-70.65537937979798,-33.52996626666667
-70.65537937979798,-33.513462266666664
-70.65537937979798,-33.5107116
-70.65537937979798,-33.50796093333334
-70.65537937979798,-33.5024596
-70.65537937979798,-33.49970893333334
-70.65537937979798,-33.49695826666667
-70.65537937979798,-33.4942076
-70.65537937979798,-33.49145693333333
-70.65537937979798,-33.48870626666667
-70.65537937979798,-33.485955600000004
-70.65537937979798,-33.48320493333333
-70.65537937979798,-33.48045426666667
-70.65537937979798,-33.477703600000005
-70.65537937979798,-33.47220226666667
-70.65537937979798,-33.4694516
-70.65537937979798,-33.4694516
-70.65537937979798,-33.46670093333333
-70.65537937979798,-33.463950266666664
-70.65537937979798,-33.455698266666666
-70.65537937979798,-33.4529476
-70.65537937979798,-33.4529476
-70.65537937979798,-33.45019693333333
-70.65537937979798,-33.45019693333333
-70.65537937979798,-33.45019693333333
-70.65537937979798,-33.44744626666667
-70.65537937979798,-33.44744626666667
-70.65537937979798,-33.44744626666667
-70.65537937979798,-33.44744626666667
-70.65537937979798,-33.44744626666667
-70.65537937979798,-33.44744626666667
-70.65537937979798,-33.44744626666667
-70.65537937979798,-33.4446956
-70.65537937979798,-33.4446956
-70.65537937979798,-33.4446956
-70.65537937979798,-33.4446956
-70.65537937979798,-33.4446956
-70.65537937979798,-33.4446956
-70.65537937979798,-33.4446956
-70.65537937979798,-33.4446956
-70.65537937979798,-33.4446956
-70.65537937979798,-33.4446956
-70.65537937979798,-33.4446956
-70.65537937979798,-33.4446956
-70.65537937979798,-33.4446956
-70.65537937979798,-33.4446956
-70.65537937979798,-33.4446956
-70.65537937979798,-33.4446956
-70.65537937979798,-33.4446956
-70.65537937979798,-33.44194493333333
-70.65537937979798,-33.44194493333333
-70.65537937979798,-33.44194493333333
-70.65537937979798,-33.44194493333333
-70.65537937979798,-33.44194493333333
-70.65537937979798,-33.44194493333333
-70.65537937979798,-33.44194493333333
-70.65537937979798,-33.44194493333333
-70.65537937979798,-33.44194493333333
-70.65537937979798,-33.43919426666667
-70.65537937979798,-33.43919426666667
-70.65537937979798,-33.43919426666667
-70.65537937979798,-33.43919426666667
-70.65537937979798,-33.43919426666667
-70.65537937979798,-33.4364436
-70.65537937979798,-33.4364436
-70.6516651878788,-33.5024596
-70.6516651878788,-33.49970893333334
-70.6516651878788,-33.49695826666667
-70.6516651878788,-33.4942076
-70.6516651878788,-33.49145693333333
-70.6516651878788,-33.48870626666667
-70.6516651878788,-33.48870626666667
-70.6516651878788,-33.485955600000004
-70.6516651878788,-33.485955600000004
-70.6516651878788,-33.48320493333333
-70.6516651878788,-33.48320493333333
-70.6516651878788,-33.48045426666667
-70.6516651878788,-33.48045426666667
-70.6516651878788,-33.477703600000005
-70.6516651878788,-33.477703600000005
-70.6516651878788,-33.477703600000005
-70.6516651878788,-33.47495293333333
-70.6516651878788,-33.47495293333333
-70.6516651878788,-33.47495293333333
-70.6516651878788,-33.47220226666667
-70.6516651878788,-33.47220226666667
-70.6516651878788,-33.4694516
-70.6516651878788,-33.4694516
-70.6516651878788,-33.46670093333333
-70.6516651878788,-33.463950266666664
-70.6516651878788,-33.45019693333333
-70.6516651878788,-33.44744626666667
-70.6516651878788,-33.4446956
-70.6516651878788,-33.4446956
-70.6516651878788,-33.4446956
-70.6516651878788,-33.4446956
-70.6516651878788,-33.4446956
-70.6516651878788,-33.4446956
-70.6516651878788,-33.4446956
-70.6516651878788,-33.4446956
-70.6516651878788,-33.4446956
-70.6516651878788,-33.4446956
-70.6516651878788,-33.4446956
-70.6516651878788,-33.4446956
-70.6516651878788,-33.4446956
-70.6516651878788,-33.4446956
-70.6516651878788,-33.4446956
-70.6516651878788,-33.4446956
-70.6516651878788,-33.4446956
-70.6516651878788,-33.4446956
-70.6516651878788,-33.4446956
-70.6516651878788,-33.44194493333333
-70.6516651878788,-33.44194493333333
-70.6516651878788,-33.44194493333333
-70.6516651878788,-33.44194493333333
-70.6516651878788,-33.44194493333333
-70.6516651878788,-33.44194493333333
-70.6516651878788,-33.44194493333333
-70.6516651878788,-33.44194493333333
-70.6516651878788,-33.44194493333333
-70.6516651878788,-33.44194493333333
-70.6516651878788,-33.44194493333333
-70.6516651878788,-33.44194493333333
-70.6516651878788,-33.44194493333333
-70.6516651878788,-33.44194493333333
-70.6516651878788,-33.44194493333333
-70.6516651878788,-33.44194493333333
-70.6516651878788,-33.44194493333333
-70.6516651878788,-33.44194493333333
-70.6516651878788,-33.44194493333333
-70.6516651878788,-33.44194493333333
-70.6516651878788,-33.43919426666667
-70.6516651878788,-33.43919426666667
-70.6516651878788,-33.43919426666667
-70.6516651878788,-33.43919426666667
-70.6516651878788,-33.4364436
-70.6516651878788,-33.4364436
-70.6516651878788,-33.4364436
-70.6516651878788,-33.4364436
-70.6516651878788,-33.4364436
-70.6516651878788,-33.4364436
-70.6516651878788,-33.43369293333333
-70.6516651878788,-33.43369293333333
-70.6516651878788,-33.43369293333333
-70.6516651878788,-33.43369293333333
-70.6516651878788,-33.43369293333333
-70.6516651878788,-33.43369293333333
-70.6516651878788,-33.43369293333333
-70.6516651878788,-33.43094226666667
-70.6516651878788,-33.43094226666667
-70.6516651878788,-33.43094226666667
-70.6516651878788,-33.428191600000005
-70.6516651878788,-33.38418093333333
-70.6516651878788,-33.38143026666667
-70.6516651878788,-33.378679600000005
-70.64795099595959,-33.49970893333334
-70.64795099595959,-33.49695826666667
-70.64795099595959,-33.4942076
-70.64795099595959,-33.49145693333333
-70.64795099595959,-33.48870626666667
-70.64795099595959,-33.485955600000004
-70.64795099595959,-33.48320493333333
-70.64795099595959,-33.48320493333333
-70.64795099595959,-33.48045426666667
-70.64795099595959,-33.48045426666667
-70.64795099595959,-33.477703600000005
-70.64795099595959,-33.477703600000005
-70.64795099595959,-33.477703600000005
-70.64795099595959,-33.47495293333333
-70.64795099595959,-33.47495293333333
-70.64795099595959,-33.47495293333333
-70.64795099595959,-33.47495293333333
-70.64795099595959,-33.47220226666667
-70.64795099595959,-33.47220226666667
-70.64795099595959,-33.4694516
-70.64795099595959,-33.4694516
-70.64795099595959,-33.46670093333333
-70.64795099595959,-33.463950266666664
-70.64795099595959,-33.44744626666667
-70.64795099595959,-33.44744626666667
-70.64795099595959,-33.44744626666667
-70.64795099595959,-33.44744626666667
-70.64795099595959,-33.4446956
-70.64795099595959,-33.4446956
-70.64795099595959,-33.4446956
-70.64795099595959,-33.4446956
-70.64795099595959,-33.4446956
-70.64795099595959,-33.4446956
-70.64795099595959,-33.4446956
-70.64795099595959,-33.4446956
-70.64795099595959,-33.4446956
-70.64795099595959,-33.4446956
-70.64795099595959,-33.4446956
-70.64795099595959,-33.4446956
-70.64795099595959,-33.4446956
-70.64795099595959,-33.4446956
-70.64795099595959,-33.4446956
-70.64795099595959,-33.4446956
-70.64795099595959,-33.4446956
-70.64795099595959,-33.4446956
-70.64795099595959,-33.4446956
-70.64795099595959,-33.44194493333333
-70.64795099595959,-33.44194493333333
-70.64795099595959,-33.44194493333333
-70.64795099595959,-33.44194493333333
-70.64795099595959,-33.44194493333333
-70.64795099595959,-33.44194493333333
-70.64795099595959,-33.44194493333333
-70.64795099595959,-33.44194493333333
-70.64795099595959,-33.44194493333333
-70.64795099595959,-33.44194493333333
-70.64795099595959,-33.44194493333333
-70.64795099595959,-33.44194493333333
-70.64795099595959,-33.44194493333333
-70.64795099595959,-33.44194493333333
-70.64795099595959,-33.44194493333333
-70.64795099595959,-33.44194493333333
-70.64795099595959,-33.44194493333333
-70.64795099595959,-33.44194493333333
-70.64795099595959,-33.44194493333333
-70.64795099595959,-33.44194493333333
-70.64795099595959,-33.44194493333333
-70.64795099595959,-33.44194493333333
-70.64795099595959,-33.44194493333333
-70.64795099595959,-33.43919426666667
-70.64795099595959,-33.43919426666667
-70.64795099595959,-33.43919426666667
-70.64795099595959,-33.43919426666667
-70.64795099595959,-33.43919426666667
-70.64795099595959,-33.43919426666667
-70.64795099595959,-33.43919426666667
-70.64795099595959,-33.43919426666667
-70.64795099595959,-33.43919426666667
-70.64795099595959,-33.43919426666667
-70.64795099595959,-33.43919426666667
-70.64795099595959,-33.43919426666667
-70.64795099595959,-33.43919426666667
-70.64795099595959,-33.4364436
-70.64795099595959,-33.4364436
-70.64795099595959,-33.4364436
-70.64795099595959,-33.4364436
-70.64795099595959,-33.4364436
-70.64795099595959,-33.4364436
-70.64795099595959,-33.43094226666667
-70.64795099595959,-33.428191600000005
-70.64795099595959,-33.428191600000005
-70.64795099595959,-33.42544093333333
-70.64795099595959,-33.42269026666666
-70.64795099595959,-33.38418093333333
-70.64795099595959,-33.38143026666667
-70.64795099595959,-33.38143026666667
-70.64795099595959,-33.378679600000005
-70.64795099595959,-33.378679600000005
-70.64795099595959,-33.37592893333333
-70.6442368040404,-33.54096893333333
-70.6442368040404,-33.49145693333333
-70.6442368040404,-33.48870626666667
-70.6442368040404,-33.485955600000004
-70.6442368040404,-33.48320493333333
-70.6442368040404,-33.48045426666667
-70.6442368040404,-33.477703600000005
-70.6442368040404,-33.477703600000005
-70.6442368040404,-33.47495293333333
-70.6442368040404,-33.47495293333333
-70.6442368040404,-33.47220226666667
-70.6442368040404,-33.4694516
-70.6442368040404,-33.46670093333333
-70.6442368040404,-33.44744626666667
-70.6442368040404,-33.4446956
-70.6442368040404,-33.4446956
-70.6442368040404,-33.4446956
-70.6442368040404,-33.4446956
-70.6442368040404,-33.4446956
-70.6442368040404,-33.4446956
-70.6442368040404,-33.4446956
-70.6442368040404,-33.4446956
-70.6442368040404,-33.4446956
-70.6442368040404,-33.4446956
-70.6442368040404,-33.4446956
-70.6442368040404,-33.44194493333333
-70.6442368040404,-33.44194493333333
-70.6442368040404,-33.44194493333333
-70.6442368040404,-33.44194493333333
-70.6442368040404,-33.44194493333333
-70.6442368040404,-33.44194493333333
-70.6442368040404,-33.44194493333333
-70.6442368040404,-33.44194493333333
-70.6442368040404,-33.44194493333333
-70.6442368040404,-33.44194493333333
-70.6442368040404,-33.44194493333333
-70.6442368040404,-33.44194493333333
-70.6442368040404,-33.44194493333333
-70.6442368040404,-33.44194493333333
-70.6442368040404,-33.44194493333333
-70.6442368040404,-33.44194493333333
-70.6442368040404,-33.44194493333333
-70.6442368040404,-33.44194493333333
-70.6442368040404,-33.43919426666667
-70.6442368040404,-33.43919426666667
-70.6442368040404,-33.43919426666667
-70.6442368040404,-33.43919426666667
-70.6442368040404,-33.43919426666667
-70.6442368040404,-33.43919426666667
-70.6442368040404,-33.43919426666667
-70.6442368040404,-33.43919426666667
-70.6442368040404,-33.43919426666667
-70.6442368040404,-33.43919426666667
-70.6442368040404,-33.43919426666667
-70.6442368040404,-33.4364436
-70.6442368040404,-33.4364436
-70.6442368040404,-33.4364436
-70.6442368040404,-33.43369293333333
-70.6442368040404,-33.428191600000005
-70.6442368040404,-33.42544093333333
-70.6442368040404,-33.42269026666666
-70.6442368040404,-33.4199396
-70.6442368040404,-33.3869316
-70.6442368040404,-33.38418093333333
-70.6442368040404,-33.38143026666667
-70.6442368040404,-33.38143026666667
-70.6442368040404,-33.378679600000005
-70.6442368040404,-33.378679600000005
-70.6442368040404,-33.37592893333333
-70.6442368040404,-33.37317826666666
-70.6405226121212,-33.5437196
-70.6405226121212,-33.54096893333333
-70.6405226121212,-33.47495293333333
-70.6405226121212,-33.47220226666667
-70.6405226121212,-33.4694516
-70.6405226121212,-33.4446956
-70.6405226121212,-33.4446956
-70.6405226121212,-33.4446956
-70.6405226121212,-33.4446956
-70.6405226121212,-33.4446956
-70.6405226121212,-33.44194493333333
-70.6405226121212,-33.44194493333333
-70.6405226121212,-33.44194493333333
-70.6405226121212,-33.44194493333333
-70.6405226121212,-33.44194493333333
-70.6405226121212,-33.44194493333333
-70.6405226121212,-33.44194493333333
-70.6405226121212,-33.44194493333333
-70.6405226121212,-33.44194493333333
-70.6405226121212,-33.44194493333333
-70.6405226121212,-33.44194493333333
-70.6405226121212,-33.44194493333333
-70.6405226121212,-33.43919426666667
-70.6405226121212,-33.42544093333333
-70.6405226121212,-33.42269026666666
-70.6405226121212,-33.4199396
-70.6405226121212,-33.3951836
-70.6405226121212,-33.39243293333333
-70.6405226121212,-33.38968226666667
-70.6405226121212,-33.3869316
-70.6405226121212,-33.38143026666667
-70.6405226121212,-33.378679600000005
-70.6405226121212,-33.37592893333333
-70.63680842020202,-33.5437196
-70.63680842020202,-33.54096893333333
-70.63680842020202,-33.53821826666667
-70.63680842020202,-33.4446956
-70.63680842020202,-33.44194493333333
-70.63680842020202,-33.44194493333333
-70.63680842020202,-33.43919426666667
-70.63680842020202,-33.43919426666667
-70.63680842020202,-33.43919426666667
-70.63680842020202,-33.43919426666667
-70.63680842020202,-33.4364436
-70.63680842020202,-33.4364436
-70.63680842020202,-33.4364436
-70.63680842020202,-33.4364436
-70.63680842020202,-33.428191600000005
-70.63680842020202,-33.42544093333333
-70.63680842020202,-33.42269026666666
-70.63680842020202,-33.4199396
-70.63309422828283,-33.54096893333333
-70.63309422828283,-33.53821826666667
-70.63309422828283,-33.45019693333333
-70.63309422828283,-33.44744626666667
-70.63309422828283,-33.44744626666667
-70.63309422828283,-33.44744626666667
-70.63309422828283,-33.4446956
-70.63309422828283,-33.4446956
-70.63309422828283,-33.44194493333333
-70.63309422828283,-33.43919426666667
-70.63309422828283,-33.43919426666667
-70.63309422828283,-33.43919426666667
-70.63309422828283,-33.43919426666667
-70.63309422828283,-33.43919426666667
-70.63309422828283,-33.43919426666667
-70.63309422828283,-33.43919426666667
-70.63309422828283,-33.43919426666667
-70.63309422828283,-33.43919426666667
-70.63309422828283,-33.43919426666667
-70.63309422828283,-33.43919426666667
-70.63309422828283,-33.43919426666667
-70.63309422828283,-33.4364436
-70.63309422828283,-33.4364436
-70.63309422828283,-33.4364436
-70.63309422828283,-33.4364436
-70.63309422828283,-33.4364436
-70.63309422828283,-33.4364436
-70.63309422828283,-33.4364436
-70.63309422828283,-33.4364436
-70.63309422828283,-33.4364436
-70.63309422828283,-33.4364436
-70.63309422828283,-33.4364436
-70.63309422828283,-33.4364436
-70.63309422828283,-33.4364436
-70.63309422828283,-33.4364436
-70.63309422828283,-33.4364436
-70.63309422828283,-33.4364436
-70.63309422828283,-33.4364436
-70.63309422828283,-33.4364436
-70.63309422828283,-33.4364436
-70.63309422828283,-33.43369293333333
-70.63309422828283,-33.43369293333333
-70.63309422828283,-33.43369293333333
-70.63309422828283,-33.43094226666667
-70.63309422828283,-33.43094226666667
-70.63309422828283,-33.43094226666667
-70.63309422828283,-33.428191600000005
-70.63309422828283,-33.428191600000005
-70.63309422828283,-33.428191600000005
-70.63309422828283,-33.42544093333333
-70.63309422828283,-33.42544093333333
-70.63309422828283,-33.42544093333333
-70.63309422828283,-33.42269026666666
-70.63309422828283,-33.42269026666666
-70.63309422828283,-33.4199396
-70.63309422828283,-33.41718893333333
-70.62938003636361,-33.46670093333333
-70.62938003636361,-33.4529476
-70.62938003636361,-33.45019693333333
-70.62938003636361,-33.45019693333333
-70.62938003636361,-33.44744626666667
-70.62938003636361,-33.44744626666667
-70.62938003636361,-33.44744626666667
-70.62938003636361,-33.44744626666667
-70.62938003636361,-33.44744626666667
-70.62938003636361,-33.44744626666667
-70.62938003636361,-33.4446956
-70.62938003636361,-33.4446956
-70.62938003636361,-33.4446956
-70.62938003636361,-33.4446956
-70.62938003636361,-33.44194493333333
-70.62938003636361,-33.44194493333333
-70.62938003636361,-33.44194493333333
-70.62938003636361,-33.43919426666667
-70.62938003636361,-33.43919426666667
-70.62938003636361,-33.43919426666667
-70.62938003636361,-33.43919426666667
-70.62938003636361,-33.43919426666667
-70.62938003636361,-33.4364436
-70.62938003636361,-33.4364436
-70.62938003636361,-33.43369293333333
-70.62938003636361,-33.43369293333333
-70.62938003636361,-33.43369293333333
-70.62938003636361,-33.43369293333333
-70.62938003636361,-33.43369293333333
-70.62938003636361,-33.43094226666667
-70.62938003636361,-33.43094226666667
-70.62938003636361,-33.43094226666667
-70.62938003636361,-33.43094226666667
-70.62938003636361,-33.43094226666667
-70.62938003636361,-33.43094226666667
-70.62938003636361,-33.43094226666667
-70.62938003636361,-33.43094226666667
-70.62938003636361,-33.428191600000005
-70.62938003636361,-33.428191600000005
-70.62938003636361,-33.428191600000005
-70.62938003636361,-33.428191600000005
-70.62938003636361,-33.428191600000005
-70.62938003636361,-33.428191600000005
-70.62938003636361,-33.428191600000005
-70.62938003636361,-33.42544093333333
-70.62938003636361,-33.42544093333333
-70.62938003636361,-33.42544093333333
-70.62938003636361,-33.42544093333333
-70.62938003636361,-33.42544093333333
-70.62938003636361,-33.42269026666666
-70.62938003636361,-33.42269026666666
-70.62938003636361,-33.42269026666666
-70.62938003636361,-33.42269026666666
-70.62938003636361,-33.4199396
-70.62938003636361,-33.4199396
-70.62938003636361,-33.41718893333333
-70.62938003636361,-33.414438266666664
-70.62566584444444,-33.4694516
-70.62566584444444,-33.4694516
-70.62566584444444,-33.46670093333333
-70.62566584444444,-33.46670093333333
-70.62566584444444,-33.46670093333333
-70.62566584444444,-33.463950266666664
-70.62566584444444,-33.46119960000001
-70.62566584444444,-33.4529476
-70.62566584444444,-33.45019693333333
-70.62566584444444,-33.4446956
-70.62566584444444,-33.44194493333333
-70.62566584444444,-33.43919426666667
-70.62566584444444,-33.43369293333333
-70.62566584444444,-33.43369293333333
-70.62566584444444,-33.43369293333333
-70.62566584444444,-33.43369293333333
-70.62566584444444,-33.43369293333333
-70.62566584444444,-33.43094226666667
-70.62566584444444,-33.43094226666667
-70.62566584444444,-33.43094226666667
-70.62566584444444,-33.43094226666667
-70.62566584444444,-33.43094226666667
-70.62566584444444,-33.43094226666667
-70.62566584444444,-33.43094226666667
-70.62566584444444,-33.43094226666667
-70.62566584444444,-33.43094226666667
-70.62566584444444,-33.43094226666667
-70.62566584444444,-33.43094226666667
-70.62566584444444,-33.43094226666667
-70.62566584444444,-33.428191600000005
-70.62566584444444,-33.428191600000005
-70.62566584444444,-33.428191600000005
-70.62566584444444,-33.428191600000005
-70.62566584444444,-33.428191600000005
-70.62566584444444,-33.428191600000005
-70.62566584444444,-33.428191600000005
-70.62566584444444,-33.428191600000005
-70.62566584444444,-33.428191600000005
-70.62566584444444,-33.428191600000005
-70.62566584444444,-33.42544093333333
-70.62566584444444,-33.42544093333333
-70.62566584444444,-33.42544093333333
-70.62566584444444,-33.42544093333333
-70.62566584444444,-33.42544093333333
-70.62566584444444,-33.42544093333333
-70.62566584444444,-33.42544093333333
-70.62566584444444,-33.42269026666666
-70.62566584444444,-33.42269026666666
-70.62566584444444,-33.42269026666666
-70.62566584444444,-33.42269026666666
-70.62566584444444,-33.42269026666666
-70.62566584444444,-33.4199396
-70.62566584444444,-33.4199396
-70.62566584444444,-33.4199396
-70.62566584444444,-33.41718893333333
-70.62566584444444,-33.414438266666664
-70.62195165252525,-33.48870626666667
-70.62195165252525,-33.485955600000004
-70.62195165252525,-33.48320493333333
-70.62195165252525,-33.48045426666667
-70.62195165252525,-33.477703600000005
-70.62195165252525,-33.4694516
-70.62195165252525,-33.46670093333333
-70.62195165252525,-33.46670093333333
-70.62195165252525,-33.463950266666664
-70.62195165252525,-33.46119960000001
-70.62195165252525,-33.4364436
-70.62195165252525,-33.43369293333333
-70.62195165252525,-33.43369293333333
-70.62195165252525,-33.43369293333333
-70.62195165252525,-33.43369293333333
-70.62195165252525,-33.43369293333333
-70.62195165252525,-33.43094226666667
-70.62195165252525,-33.43094226666667
-70.62195165252525,-33.43094226666667
-70.62195165252525,-33.43094226666667
-70.62195165252525,-33.43094226666667
-70.62195165252525,-33.43094226666667
-70.62195165252525,-33.43094226666667
-70.62195165252525,-33.43094226666667
-70.62195165252525,-33.43094226666667
-70.62195165252525,-33.428191600000005
-70.62195165252525,-33.428191600000005
-70.62195165252525,-33.428191600000005
-70.62195165252525,-33.428191600000005
-70.62195165252525,-33.428191600000005
-70.62195165252525,-33.428191600000005
-70.62195165252525,-33.428191600000005
-70.62195165252525,-33.428191600000005
-70.62195165252525,-33.428191600000005
-70.62195165252525,-33.428191600000005
-70.62195165252525,-33.42544093333333
-70.62195165252525,-33.42544093333333
-70.62195165252525,-33.42544093333333
-70.62195165252525,-33.42544093333333
-70.62195165252525,-33.42544093333333
-70.62195165252525,-33.42544093333333
-70.62195165252525,-33.42544093333333
-70.62195165252525,-33.42544093333333
-70.62195165252525,-33.42269026666666
-70.62195165252525,-33.42269026666666
-70.62195165252525,-33.42269026666666
-70.62195165252525,-33.42269026666666
-70.62195165252525,-33.42269026666666
-70.62195165252525,-33.4199396
-70.62195165252525,-33.4199396
-70.62195165252525,-33.41718893333333
-70.61823746060605,-33.49970893333334
-70.61823746060605,-33.49695826666667
-70.61823746060605,-33.4942076
-70.61823746060605,-33.49145693333333
-70.61823746060605,-33.48870626666667
-70.61823746060605,-33.485955600000004
-70.61823746060605,-33.46670093333333
-70.61823746060605,-33.463950266666664
-70.61823746060605,-33.46119960000001
-70.61823746060605,-33.43919426666667
-70.61823746060605,-33.4364436
-70.61823746060605,-33.4364436
-70.61823746060605,-33.43369293333333
-70.61823746060605,-33.43369293333333
-70.61823746060605,-33.43369293333333
-70.61823746060605,-33.43094226666667
-70.61823746060605,-33.43094226666667
-70.61823746060605,-33.43094226666667
-70.61823746060605,-33.43094226666667
-70.61823746060605,-33.43094226666667
-70.61823746060605,-33.428191600000005
-70.61823746060605,-33.428191600000005
-70.61823746060605,-33.428191600000005
-70.61823746060605,-33.428191600000005
-70.61823746060605,-33.428191600000005
-70.61823746060605,-33.428191600000005
-70.61823746060605,-33.428191600000005
-70.61823746060605,-33.42544093333333
-70.61823746060605,-33.42544093333333
-70.61823746060605,-33.42544093333333
-70.61823746060605,-33.42544093333333
-70.61823746060605,-33.42544093333333
-70.61823746060605,-33.42544093333333
-70.61823746060605,-33.42544093333333
-70.61823746060605,-33.42544093333333
-70.61823746060605,-33.42544093333333
-70.61823746060605,-33.42269026666666
-70.61823746060605,-33.42269026666666
-70.61823746060605,-33.42269026666666
-70.61823746060605,-33.42269026666666
-70.61823746060605,-33.42269026666666
-70.61452326868688,-33.50796093333334
-70.61452326868688,-33.505210266666666
-70.61452326868688,-33.5024596
-70.61452326868688,-33.49970893333334
-70.61452326868688,-33.49695826666667
-70.61452326868688,-33.4942076
-70.61452326868688,-33.49145693333333
-70.61452326868688,-33.43919426666667
-70.61452326868688,-33.4364436
-70.61452326868688,-33.4364436
-70.61452326868688,-33.43369293333333
-70.61452326868688,-33.43369293333333
-70.61452326868688,-33.43094226666667
-70.61452326868688,-33.43094226666667
-70.61452326868688,-33.43094226666667
-70.61452326868688,-33.428191600000005
-70.61452326868688,-33.428191600000005
-70.61452326868688,-33.428191600000005
-70.61452326868688,-33.428191600000005
-70.61452326868688,-33.428191600000005
-70.61452326868688,-33.428191600000005
-70.61452326868688,-33.42544093333333
-70.61452326868688,-33.42544093333333
-70.61452326868688,-33.42544093333333
-70.61452326868688,-33.42544093333333
-70.61452326868688,-33.42544093333333
-70.61452326868688,-33.42544093333333
-70.61452326868688,-33.42544093333333
-70.61452326868688,-33.42544093333333
-70.61452326868688,-33.42544093333333
-70.61452326868688,-33.42544093333333
-70.61452326868688,-33.42544093333333
-70.61452326868688,-33.42544093333333
-70.61452326868688,-33.42544093333333
-70.61452326868688,-33.42544093333333
-70.61452326868688,-33.42544093333333
-70.61452326868688,-33.42269026666666
-70.61452326868688,-33.42269026666666
-70.61452326868688,-33.42269026666666
-70.61452326868688,-33.42269026666666
-70.61452326868688,-33.42269026666666
-70.61452326868688,-33.42269026666666
-70.61452326868688,-33.4199396
-70.61452326868688,-33.4199396
-70.61452326868688,-33.41718893333333
-70.61452326868688,-33.4116876
-70.61452326868688,-33.40893693333334
-70.61452326868688,-33.406186266666666
-70.61080907676768,-33.52446493333333
-70.61080907676768,-33.52171426666667
-70.61080907676768,-33.5189636
-70.61080907676768,-33.505210266666666
-70.61080907676768,-33.44194493333333
-70.61080907676768,-33.43919426666667
-70.61080907676768,-33.4364436
-70.61080907676768,-33.4364436
-70.61080907676768,-33.43369293333333
-70.61080907676768,-33.43369293333333
-70.61080907676768,-33.43369293333333
-70.61080907676768,-33.43094226666667
-70.61080907676768,-33.43094226666667
-70.61080907676768,-33.43094226666667
-70.61080907676768,-33.43094226666667
-70.61080907676768,-33.43094226666667
-70.61080907676768,-33.428191600000005
-70.61080907676768,-33.428191600000005
-70.61080907676768,-33.428191600000005
-70.61080907676768,-33.428191600000005
-70.61080907676768,-33.428191600000005
-70.61080907676768,-33.428191600000005
-70.61080907676768,-33.428191600000005
-70.61080907676768,-33.42544093333333
-70.61080907676768,-33.42544093333333
-70.61080907676768,-33.42544093333333
-70.61080907676768,-33.42544093333333
-70.61080907676768,-33.42544093333333
-70.61080907676768,-33.42544093333333
-70.61080907676768,-33.42544093333333
-70.61080907676768,-33.42544093333333
-70.61080907676768,-33.42269026666666
-70.61080907676768,-33.42269026666666
-70.61080907676768,-33.42269026666666
-70.61080907676768,-33.42269026666666
-70.61080907676768,-33.42269026666666
-70.61080907676768,-33.42269026666666
-70.61080907676768,-33.42269026666666
-70.61080907676768,-33.4199396
-70.61080907676768,-33.4199396
-70.61080907676768,-33.4199396
-70.61080907676768,-33.4199396
-70.61080907676768,-33.4199396
-70.61080907676768,-33.41718893333333
-70.61080907676768,-33.414438266666664
-70.61080907676768,-33.4116876
-70.61080907676768,-33.4116876
-70.61080907676768,-33.40893693333334
-70.61080907676768,-33.406186266666666
-70.61080907676768,-33.4034356
-70.61080907676768,-33.40068493333333
-70.60709488484848,-33.52996626666667
-70.60709488484848,-33.527215600000005
-70.60709488484848,-33.52446493333333
-70.60709488484848,-33.52171426666667
-70.60709488484848,-33.52171426666667
-70.60709488484848,-33.5189636
-70.60709488484848,-33.5189636
-70.60709488484848,-33.51621293333333
-70.60709488484848,-33.51621293333333
-70.60709488484848,-33.513462266666664
-70.60709488484848,-33.513462266666664
-70.60709488484848,-33.513462266666664
-70.60709488484848,-33.5107116
-70.60709488484848,-33.50796093333334
-70.60709488484848,-33.44194493333333
-70.60709488484848,-33.43919426666667
-70.60709488484848,-33.4364436
-70.60709488484848,-33.4364436
-70.60709488484848,-33.43369293333333
-70.60709488484848,-33.43369293333333
-70.60709488484848,-33.43369293333333
-70.60709488484848,-33.43094226666667
-70.60709488484848,-33.43094226666667
-70.60709488484848,-33.43094226666667
-70.60709488484848,-33.43094226666667
-70.60709488484848,-33.43094226666667
-70.60709488484848,-33.428191600000005
-70.60709488484848,-33.428191600000005
-70.60709488484848,-33.428191600000005
-70.60709488484848,-33.428191600000005
-70.60709488484848,-33.428191600000005
-70.60709488484848,-33.428191600000005
-70.60709488484848,-33.428191600000005
-70.60709488484848,-33.428191600000005
-70.60709488484848,-33.42544093333333
-70.60709488484848,-33.42544093333333
-70.60709488484848,-33.42544093333333
-70.60709488484848,-33.42544093333333
-70.60709488484848,-33.42544093333333
-70.60709488484848,-33.42544093333333
-70.60709488484848,-33.42544093333333
-70.60709488484848,-33.42544093333333
-70.60709488484848,-33.42544093333333
-70.60709488484848,-33.42544093333333
-70.60709488484848,-33.42544093333333
-70.60709488484848,-33.42269026666666
-70.60709488484848,-33.42269026666666
-70.60709488484848,-33.42269026666666
-70.60709488484848,-33.42269026666666
-70.60709488484848,-33.42269026666666
-70.60709488484848,-33.42269026666666
-70.60709488484848,-33.42269026666666
-70.60709488484848,-33.42269026666666
-70.60709488484848,-33.42269026666666
-70.60709488484848,-33.42269026666666
-70.60709488484848,-33.42269026666666
-70.60709488484848,-33.42269026666666
-70.60709488484848,-33.42269026666666
-70.60709488484848,-33.42269026666666
-70.60709488484848,-33.42269026666666
-70.60709488484848,-33.4199396
-70.60709488484848,-33.4199396
-70.60709488484848,-33.4199396
-70.60709488484848,-33.4199396
-70.60709488484848,-33.4199396
-70.60709488484848,-33.41718893333333
-70.60709488484848,-33.41718893333333
-70.60709488484848,-33.41718893333333
-70.60709488484848,-33.414438266666664
-70.60709488484848,-33.414438266666664
-70.60709488484848,-33.414438266666664
-70.60709488484848,-33.414438266666664
-70.60709488484848,-33.414438266666664
-70.60709488484848,-33.4116876
-70.60709488484848,-33.4116876
-70.60709488484848,-33.4116876
-70.60709488484848,-33.4116876
-70.60709488484848,-33.40893693333334
-70.60709488484848,-33.40893693333334
-70.60709488484848,-33.40893693333334
-70.60709488484848,-33.406186266666666
-70.60709488484848,-33.406186266666666
-70.60709488484848,-33.4034356
-70.60709488484848,-33.40068493333333
-70.60338069292929,-33.52996626666667
-70.60338069292929,-33.527215600000005
-70.60338069292929,-33.52446493333333
-70.60338069292929,-33.52446493333333
-70.60338069292929,-33.52171426666667
-70.60338069292929,-33.52171426666667
-70.60338069292929,-33.52171426666667
-70.60338069292929,-33.5189636
-70.60338069292929,-33.5189636
-70.60338069292929,-33.5189636
-70.60338069292929,-33.51621293333333
-70.60338069292929,-33.51621293333333
-70.60338069292929,-33.51621293333333
-70.60338069292929,-33.513462266666664
-70.60338069292929,-33.513462266666664
-70.60338069292929,-33.513462266666664
-70.60338069292929,-33.5107116
-70.60338069292929,-33.5107116
-70.60338069292929,-33.50796093333334
-70.60338069292929,-33.44194493333333
-70.60338069292929,-33.43919426666667
-70.60338069292929,-33.4364436
-70.60338069292929,-33.4364436
-70.60338069292929,-33.43369293333333
-70.60338069292929,-33.43369293333333
-70.60338069292929,-33.43369293333333
-70.60338069292929,-33.43094226666667
-70.60338069292929,-33.43094226666667
-70.60338069292929,-33.43094226666667
-70.60338069292929,-33.43094226666667
-70.60338069292929,-33.43094226666667
-70.60338069292929,-33.428191600000005
-70.60338069292929,-33.428191600000005
-70.60338069292929,-33.428191600000005
-70.60338069292929,-33.428191600000005
-70.60338069292929,-33.428191600000005
-70.60338069292929,-33.428191600000005
-70.60338069292929,-33.428191600000005
-70.60338069292929,-33.42544093333333
-70.60338069292929,-33.42544093333333
-70.60338069292929,-33.42544093333333
-70.60338069292929,-33.42544093333333
-70.60338069292929,-33.42544093333333
-70.60338069292929,-33.42544093333333
-70.60338069292929,-33.42544093333333
-70.60338069292929,-33.42544093333333
-70.60338069292929,-33.42544093333333
-70.60338069292929,-33.42544093333333
-70.60338069292929,-33.42269026666666
-70.60338069292929,-33.42269026666666
-70.60338069292929,-33.42269026666666
-70.60338069292929,-33.42269026666666
-70.60338069292929,-33.42269026666666
-70.60338069292929,-33.42269026666666
-70.60338069292929,-33.42269026666666
-70.60338069292929,-33.42269026666666
-70.60338069292929,-33.42269026666666
-70.60338069292929,-33.42269026666666
-70.60338069292929,-33.42269026666666
-70.60338069292929,-33.42269026666666
-70.60338069292929,-33.42269026666666
-70.60338069292929,-33.42269026666666
-70.60338069292929,-33.42269026666666
-70.60338069292929,-33.4199396
-70.60338069292929,-33.4199396
-70.60338069292929,-33.4199396
-70.60338069292929,-33.4199396
-70.60338069292929,-33.4199396
-70.60338069292929,-33.4199396
-70.60338069292929,-33.4199396
-70.60338069292929,-33.4199396
-70.60338069292929,-33.4199396
-70.60338069292929,-33.4199396
-70.60338069292929,-33.4199396
-70.60338069292929,-33.4199396
-70.60338069292929,-33.4199396
-70.60338069292929,-33.4199396
-70.60338069292929,-33.4199396
-70.60338069292929,-33.4199396
-70.60338069292929,-33.4199396
-70.60338069292929,-33.4199396
-70.60338069292929,-33.4199396
-70.60338069292929,-33.4199396
-70.60338069292929,-33.4199396
-70.60338069292929,-33.4199396
-70.60338069292929,-33.41718893333333
-70.60338069292929,-33.41718893333333
-70.60338069292929,-33.41718893333333
-70.60338069292929,-33.41718893333333
-70.60338069292929,-33.41718893333333
-70.60338069292929,-33.41718893333333
-70.60338069292929,-33.41718893333333
-70.60338069292929,-33.41718893333333
-70.60338069292929,-33.41718893333333
-70.60338069292929,-33.41718893333333
-70.60338069292929,-33.41718893333333
-70.60338069292929,-33.41718893333333
-70.60338069292929,-33.41718893333333
-70.60338069292929,-33.41718893333333
-70.60338069292929,-33.41718893333333
-70.60338069292929,-33.41718893333333
-70.60338069292929,-33.41718893333333
-70.60338069292929,-33.41718893333333
-70.60338069292929,-33.41718893333333
-70.60338069292929,-33.41718893333333
-70.60338069292929,-33.41718893333333
-70.60338069292929,-33.41718893333333
-70.60338069292929,-33.41718893333333
-70.60338069292929,-33.41718893333333
-70.60338069292929,-33.414438266666664
-70.60338069292929,-33.414438266666664
-70.60338069292929,-33.414438266666664
-70.60338069292929,-33.414438266666664
-70.60338069292929,-33.414438266666664
-70.60338069292929,-33.414438266666664
-70.60338069292929,-33.414438266666664
-70.60338069292929,-33.414438266666664
-70.60338069292929,-33.414438266666664
-70.60338069292929,-33.414438266666664
-70.60338069292929,-33.414438266666664
-70.60338069292929,-33.414438266666664
-70.60338069292929,-33.414438266666664
-70.60338069292929,-33.4116876
-70.60338069292929,-33.4116876
-70.60338069292929,-33.4116876
-70.60338069292929,-33.4116876
-70.60338069292929,-33.4116876
-70.60338069292929,-33.4116876
-70.60338069292929,-33.4116876
-70.60338069292929,-33.40893693333334
-70.60338069292929,-33.40893693333334
-70.60338069292929,-33.40893693333334
-70.60338069292929,-33.40893693333334
-70.60338069292929,-33.406186266666666
-70.60338069292929,-33.406186266666666
-70.60338069292929,-33.4034356
-70.60338069292929,-33.40068493333333
-70.60338069292929,-33.39793426666667
-70.59966650101009,-33.53271693333333
-70.59966650101009,-33.52996626666667
-70.59966650101009,-33.527215600000005
-70.59966650101009,-33.527215600000005
-70.59966650101009,-33.52446493333333
-70.59966650101009,-33.52446493333333
-70.59966650101009,-33.52171426666667
-70.59966650101009,-33.52171426666667
-70.59966650101009,-33.52171426666667
-70.59966650101009,-33.52171426666667
-70.59966650101009,-33.5189636
-70.59966650101009,-33.5189636
-70.59966650101009,-33.5189636
-70.59966650101009,-33.5189636
-70.59966650101009,-33.5189636
-70.59966650101009,-33.51621293333333
-70.59966650101009,-33.51621293333333
-70.59966650101009,-33.51621293333333
-70.59966650101009,-33.513462266666664
-70.59966650101009,-33.513462266666664
-70.59966650101009,-33.5107116
-70.59966650101009,-33.5107116
-70.59966650101009,-33.50796093333334
-70.59966650101009,-33.43919426666667
-70.59966650101009,-33.4364436
-70.59966650101009,-33.43369293333333
-70.59966650101009,-33.43369293333333
-70.59966650101009,-33.43094226666667
-70.59966650101009,-33.43094226666667
-70.59966650101009,-33.43094226666667
-70.59966650101009,-33.428191600000005
-70.59966650101009,-33.428191600000005
-70.59966650101009,-33.428191600000005
-70.59966650101009,-33.428191600000005
-70.59966650101009,-33.428191600000005
-70.59966650101009,-33.42544093333333
-70.59966650101009,-33.42544093333333
-70.59966650101009,-33.42544093333333
-70.59966650101009,-33.42544093333333
-70.59966650101009,-33.42544093333333
-70.59966650101009,-33.42544093333333
-70.59966650101009,-33.42544093333333
-70.59966650101009,-33.42269026666666
-70.59966650101009,-33.42269026666666
-70.59966650101009,-33.42269026666666
-70.59966650101009,-33.42269026666666
-70.59966650101009,-33.42269026666666
-70.59966650101009,-33.42269026666666
-70.59966650101009,-33.42269026666666
-70.59966650101009,-33.42269026666666
-70.59966650101009,-33.42269026666666
-70.59966650101009,-33.42269026666666
-70.59966650101009,-33.42269026666666
-70.59966650101009,-33.4199396
-70.59966650101009,-33.4199396
-70.59966650101009,-33.4199396
-70.59966650101009,-33.4199396
-70.59966650101009,-33.4199396
-70.59966650101009,-33.4199396
-70.59966650101009,-33.4199396
-70.59966650101009,-33.4199396
-70.59966650101009,-33.4199396
-70.59966650101009,-33.4199396
-70.59966650101009,-33.4199396
-70.59966650101009,-33.4199396
-70.59966650101009,-33.4199396
-70.59966650101009,-33.4199396
-70.59966650101009,-33.4199396
-70.59966650101009,-33.4199396
-70.59966650101009,-33.4199396
-70.59966650101009,-33.4199396
-70.59966650101009,-33.41718893333333
-70.59966650101009,-33.41718893333333
-70.59966650101009,-33.41718893333333
-70.59966650101009,-33.41718893333333
-70.59966650101009,-33.41718893333333
-70.59966650101009,-33.41718893333333
-70.59966650101009,-33.414438266666664
-70.59966650101009,-33.414438266666664
-70.59966650101009,-33.414438266666664
-70.59966650101009,-33.414438266666664
-70.59966650101009,-33.414438266666664
-70.59966650101009,-33.414438266666664
-70.59966650101009,-33.414438266666664
-70.59966650101009,-33.414438266666664
-70.59966650101009,-33.4116876
-70.59966650101009,-33.4116876
-70.59966650101009,-33.4116876
-70.59966650101009,-33.4116876
-70.59966650101009,-33.4116876
-70.59966650101009,-33.4116876
-70.59966650101009,-33.40893693333334
-70.59966650101009,-33.40893693333334
-70.59966650101009,-33.40893693333334
-70.59966650101009,-33.406186266666666
-70.59966650101009,-33.406186266666666
-70.59966650101009,-33.4034356
-70.59966650101009,-33.40068493333333
-70.59966650101009,-33.39793426666667
-70.5959523090909,-33.535467600000004
-70.5959523090909,-33.53271693333333
-70.5959523090909,-33.52996626666667
-70.5959523090909,-33.527215600000005
-70.5959523090909,-33.527215600000005
-70.5959523090909,-33.52446493333333
-70.5959523090909,-33.52171426666667
-70.5959523090909,-33.5189636
-70.5959523090909,-33.5189636
-70.5959523090909,-33.51621293333333
-70.5959523090909,-33.51621293333333
-70.5959523090909,-33.513462266666664
-70.5959523090909,-33.513462266666664
-70.5959523090909,-33.5107116
-70.5959523090909,-33.50796093333334
-70.5959523090909,-33.4364436
-70.5959523090909,-33.43369293333333
-70.5959523090909,-33.43094226666667
-70.5959523090909,-33.43094226666667
-70.5959523090909,-33.428191600000005
-70.5959523090909,-33.428191600000005
-70.5959523090909,-33.42544093333333
-70.5959523090909,-33.42544093333333
-70.5959523090909,-33.4199396
-70.5959523090909,-33.4199396
-70.5959523090909,-33.41718893333333
-70.5959523090909,-33.41718893333333
-70.5959523090909,-33.41718893333333
-70.5959523090909,-33.41718893333333
-70.5959523090909,-33.414438266666664
-70.5959523090909,-33.414438266666664
-70.5959523090909,-33.414438266666664
-70.5959523090909,-33.414438266666664
-70.5959523090909,-33.4116876
-70.5959523090909,-33.4116876
-70.5959523090909,-33.4116876
-70.5959523090909,-33.4116876
-70.5959523090909,-33.40893693333334
-70.5959523090909,-33.40893693333334
-70.5959523090909,-33.406186266666666
-70.5959523090909,-33.406186266666666
-70.5959523090909,-33.4034356
-70.5959523090909,-33.40068493333333
-70.5959523090909,-33.39793426666667
-70.59223811717172,-33.535467600000004
-70.59223811717172,-33.5189636
-70.59223811717172,-33.513462266666664
-70.59223811717172,-33.5107116
-70.59223811717172,-33.50796093333334
-70.59223811717172,-33.4364436
-70.59223811717172,-33.43369293333333
-70.59223811717172,-33.43094226666667
-70.59223811717172,-33.428191600000005
-70.59223811717172,-33.42544093333333
-70.59223811717172,-33.4199396
-70.59223811717172,-33.41718893333333
-70.59223811717172,-33.41718893333333
-70.59223811717172,-33.41718893333333
-70.59223811717172,-33.414438266666664
-70.59223811717172,-33.414438266666664
-70.59223811717172,-33.414438266666664
-70.59223811717172,-33.4116876
-70.59223811717172,-33.4116876
-70.59223811717172,-33.4116876
-70.59223811717172,-33.40893693333334
-70.59223811717172,-33.40893693333334
-70.59223811717172,-33.406186266666666
-70.59223811717172,-33.4034356
-70.59223811717172,-33.40068493333333
-70.59223811717172,-33.39793426666667
-70.58852392525252,-33.576727600000005
-70.58852392525252,-33.57397693333333
-70.58852392525252,-33.57122626666667
-70.58852392525252,-33.54922093333334
-70.58852392525252,-33.54647026666667
-70.58852392525252,-33.5107116
-70.58852392525252,-33.50796093333334
-70.58852392525252,-33.505210266666666
-70.58852392525252,-33.49970893333334
-70.58852392525252,-33.42544093333333
-70.58852392525252,-33.42269026666666
-70.58852392525252,-33.4199396
-70.58852392525252,-33.41718893333333
-70.58852392525252,-33.41718893333333
-70.58852392525252,-33.414438266666664
-70.58852392525252,-33.414438266666664
-70.58852392525252,-33.4116876
-70.58852392525252,-33.4116876
-70.58852392525252,-33.40893693333334
-70.58852392525252,-33.406186266666666
-70.58852392525252,-33.4034356
-70.58852392525252,-33.4034356
-70.58852392525252,-33.40068493333333
-70.58852392525252,-33.39793426666667
-70.58480973333333,-33.59873293333334
-70.58480973333333,-33.59598226666667
-70.58480973333333,-33.593231599999996
-70.58480973333333,-33.59048093333334
-70.58480973333333,-33.58773026666667
-70.58480973333333,-33.584979600000004
-70.58480973333333,-33.57947826666667
-70.58480973333333,-33.576727600000005
-70.58480973333333,-33.57397693333333
-70.58480973333333,-33.57122626666667
-70.58480973333333,-33.5684756
-70.58480973333333,-33.5602236
-70.58480973333333,-33.554722266666666
-70.58480973333333,-33.5519716
-70.58480973333333,-33.5024596
-70.58480973333333,-33.49970893333334
-70.58480973333333,-33.43094226666667
-70.58480973333333,-33.43094226666667
-70.58480973333333,-33.428191600000005
-70.58480973333333,-33.4199396
-70.58480973333333,-33.41718893333333
-70.58480973333333,-33.41718893333333
-70.58480973333333,-33.414438266666664
-70.58480973333333,-33.4116876
-70.58480973333333,-33.4116876
-70.58480973333333,-33.4116876
-70.58480973333333,-33.40893693333334
-70.58480973333333,-33.406186266666666
-70.58480973333333,-33.4034356
-70.58480973333333,-33.4034356
-70.58480973333333,-33.4034356
-70.58480973333333,-33.40068493333333
-70.58480973333333,-33.40068493333333
-70.58480973333333,-33.39793426666667
-70.58480973333333,-33.3951836
-70.58109554141414,-33.61248626666667
-70.58109554141414,-33.6097356
-70.58109554141414,-33.60698493333334
-70.58109554141414,-33.604234266666666
-70.58109554141414,-33.6014836
-70.58109554141414,-33.59873293333334
-70.58109554141414,-33.59598226666667
-70.58109554141414,-33.593231599999996
-70.58109554141414,-33.59048093333334
-70.58109554141414,-33.58773026666667
-70.58109554141414,-33.584979600000004
-70.58109554141414,-33.58222893333333
-70.58109554141414,-33.57947826666667
-70.58109554141414,-33.576727600000005
-70.58109554141414,-33.57397693333333
-70.58109554141414,-33.57122626666667
-70.58109554141414,-33.5684756
-70.58109554141414,-33.48870626666667
-70.58109554141414,-33.485955600000004
-70.58109554141414,-33.48320493333333
-70.58109554141414,-33.48045426666667
-70.58109554141414,-33.477703600000005
-70.58109554141414,-33.43094226666667
-70.58109554141414,-33.4199396
-70.58109554141414,-33.41718893333333
-70.58109554141414,-33.41718893333333
-70.58109554141414,-33.414438266666664
-70.58109554141414,-33.414438266666664
-70.58109554141414,-33.4116876
-70.58109554141414,-33.4116876
-70.58109554141414,-33.40893693333334
-70.58109554141414,-33.40893693333334
-70.58109554141414,-33.406186266666666
-70.58109554141414,-33.4034356
-70.58109554141414,-33.40068493333333
-70.58109554141414,-33.39793426666667
-70.58109554141414,-33.3951836
-70.57738134949493,-33.61523693333333
-70.57738134949493,-33.61248626666667
-70.57738134949493,-33.61248626666667
-70.57738134949493,-33.6097356
-70.57738134949493,-33.6097356
-70.57738134949493,-33.60698493333334
-70.57738134949493,-33.60698493333334
-70.57738134949493,-33.604234266666666
-70.57738134949493,-33.604234266666666
-70.57738134949493,-33.6014836
-70.57738134949493,-33.6014836
-70.57738134949493,-33.59873293333334
-70.57738134949493,-33.59598226666667
-70.57738134949493,-33.593231599999996
-70.57738134949493,-33.59048093333334
-70.57738134949493,-33.58773026666667
-70.57738134949493,-33.584979600000004
-70.57738134949493,-33.58222893333333
-70.57738134949493,-33.576727600000005
-70.57738134949493,-33.57397693333333
-70.57738134949493,-33.57122626666667
-70.57738134949493,-33.45019693333333
-70.57738134949493,-33.44744626666667
-70.57738134949493,-33.4446956
-70.57738134949493,-33.44194493333333
-70.57738134949493,-33.43919426666667
-70.57738134949493,-33.4199396
-70.57738134949493,-33.41718893333333
-70.57738134949493,-33.414438266666664
-70.57738134949493,-33.414438266666664
-70.57738134949493,-33.4116876
-70.57738134949493,-33.4116876
-70.57738134949493,-33.4116876
-70.57738134949493,-33.40893693333334
-70.57738134949493,-33.40893693333334
-70.57738134949493,-33.40893693333334
-70.57738134949493,-33.40893693333334
-70.57738134949493,-33.406186266666666
-70.57738134949493,-33.406186266666666
-70.57738134949493,-33.406186266666666
-70.57738134949493,-33.4034356
-70.57738134949493,-33.4034356
-70.57738134949493,-33.4034356
-70.57738134949493,-33.40068493333333
-70.57738134949493,-33.39793426666667
-70.57366715757577,-33.6179876
-70.57366715757577,-33.61523693333333
-70.57366715757577,-33.61248626666667
-70.57366715757577,-33.61248626666667
-70.57366715757577,-33.6097356
-70.57366715757577,-33.6097356
-70.57366715757577,-33.60698493333334
-70.57366715757577,-33.60698493333334
-70.57366715757577,-33.604234266666666
-70.57366715757577,-33.604234266666666
-70.57366715757577,-33.6014836
-70.57366715757577,-33.59873293333334
-70.57366715757577,-33.59048093333334
-70.57366715757577,-33.58773026666667
-70.57366715757577,-33.47220226666667
-70.57366715757577,-33.4694516
-70.57366715757577,-33.46670093333333
-70.57366715757577,-33.463950266666664
-70.57366715757577,-33.455698266666666
-70.57366715757577,-33.4529476
-70.57366715757577,-33.4529476
-70.57366715757577,-33.45019693333333
-70.57366715757577,-33.45019693333333
-70.57366715757577,-33.44744626666667
-70.57366715757577,-33.44744626666667
-70.57366715757577,-33.4446956
-70.57366715757577,-33.4446956
-70.57366715757577,-33.44194493333333
-70.57366715757577,-33.43919426666667
-70.57366715757577,-33.43919426666667
-70.57366715757577,-33.4364436
-70.57366715757577,-33.41718893333333
-70.57366715757577,-33.41718893333333
-70.57366715757577,-33.414438266666664
-70.57366715757577,-33.414438266666664
-70.57366715757577,-33.414438266666664
-70.57366715757577,-33.414438266666664
-70.57366715757577,-33.4116876
-70.57366715757577,-33.4116876
-70.57366715757577,-33.4116876
-70.57366715757577,-33.4116876
-70.57366715757577,-33.4116876
-70.57366715757577,-33.4116876
-70.57366715757577,-33.4116876
-70.57366715757577,-33.40893693333334
-70.57366715757577,-33.40893693333334
-70.57366715757577,-33.40893693333334
-70.57366715757577,-33.40893693333334
-70.57366715757577,-33.40893693333334
-70.57366715757577,-33.40893693333334
-70.57366715757577,-33.40893693333334
-70.57366715757577,-33.40893693333334
-70.57366715757577,-33.406186266666666
-70.57366715757577,-33.406186266666666
-70.57366715757577,-33.406186266666666
-70.57366715757577,-33.406186266666666
-70.57366715757577,-33.406186266666666
-70.57366715757577,-33.4034356
-70.56995296565657,-33.61523693333333
-70.56995296565657,-33.61248626666667
-70.56995296565657,-33.6097356
-70.56995296565657,-33.60698493333334
-70.56995296565657,-33.604234266666666
-70.56995296565657,-33.6014836
-70.56995296565657,-33.4694516
-70.56995296565657,-33.46670093333333
-70.56995296565657,-33.463950266666664
-70.56995296565657,-33.46119960000001
-70.56995296565657,-33.45844893333334
-70.56995296565657,-33.455698266666666
-70.56995296565657,-33.455698266666666
-70.56995296565657,-33.4529476
-70.56995296565657,-33.4529476
-70.56995296565657,-33.4529476
-70.56995296565657,-33.45019693333333
-70.56995296565657,-33.45019693333333
-70.56995296565657,-33.44744626666667
-70.56995296565657,-33.44744626666667
-70.56995296565657,-33.4446956
-70.56995296565657,-33.44194493333333
-70.56995296565657,-33.43919426666667
-70.56995296565657,-33.4364436
-70.56995296565657,-33.41718893333333
-70.56995296565657,-33.414438266666664
-70.56995296565657,-33.414438266666664
-70.56995296565657,-33.414438266666664
-70.56995296565657,-33.414438266666664
-70.56995296565657,-33.4116876
-70.56995296565657,-33.4116876
-70.56995296565657,-33.4116876
-70.56995296565657,-33.4116876
-70.56995296565657,-33.4116876
-70.56995296565657,-33.4116876
-70.56995296565657,-33.4116876
-70.56995296565657,-33.4116876
-70.56995296565657,-33.4116876
-70.56995296565657,-33.4116876
-70.56995296565657,-33.4116876
-70.56995296565657,-33.40893693333334
-70.56995296565657,-33.40893693333334
-70.56995296565657,-33.40893693333334
-70.56995296565657,-33.40893693333334
-70.56995296565657,-33.40893693333334
-70.56995296565657,-33.40893693333334
-70.56995296565657,-33.40893693333334
-70.56995296565657,-33.40893693333334
-70.56995296565657,-33.40893693333334
-70.56995296565657,-33.40893693333334
-70.56995296565657,-33.40893693333334
-70.56995296565657,-33.40893693333334
-70.56995296565657,-33.40893693333334
-70.56995296565657,-33.40893693333334
-70.56995296565657,-33.40893693333334
-70.56995296565657,-33.40893693333334
-70.56995296565657,-33.40893693333334
-70.56995296565657,-33.40893693333334
-70.56995296565657,-33.40893693333334
-70.56995296565657,-33.406186266666666
-70.56995296565657,-33.406186266666666
-70.56995296565657,-33.406186266666666
-70.56995296565657,-33.406186266666666
-70.56995296565657,-33.406186266666666
-70.56995296565657,-33.406186266666666
-70.56995296565657,-33.406186266666666
-70.56623877373737,-33.61248626666667
-70.56623877373737,-33.6097356
-70.56623877373737,-33.60698493333334
-70.56623877373737,-33.604234266666666
-70.56623877373737,-33.45844893333334
-70.56623877373737,-33.455698266666666
-70.56623877373737,-33.4529476
-70.56623877373737,-33.45019693333333
-70.56623877373737,-33.44744626666667
-70.56623877373737,-33.414438266666664
-70.56623877373737,-33.40893693333334
-70.56623877373737,-33.40893693333334
-70.56623877373737,-33.40893693333334
-70.56623877373737,-33.40893693333334
-70.56623877373737,-33.40893693333334
-70.56623877373737,-33.40893693333334
-70.56623877373737,-33.40893693333334
-70.56623877373737,-33.40893693333334
-70.56623877373737,-33.40893693333334
-70.56623877373737,-33.406186266666666
-70.56623877373737,-33.406186266666666
-70.56623877373737,-33.406186266666666
-70.56623877373737,-33.406186266666666
-70.56623877373737,-33.406186266666666
-70.56623877373737,-33.406186266666666
-70.56623877373737,-33.4034356
-70.56623877373737,-33.4034356
-70.56623877373737,-33.40068493333333
-70.5625245818182,-33.4116876
-70.5625245818182,-33.40893693333334
-70.5625245818182,-33.40893693333334
-70.5625245818182,-33.40893693333334
-70.5625245818182,-33.40893693333334
-70.5625245818182,-33.406186266666666
-70.5625245818182,-33.406186266666666
-70.5625245818182,-33.406186266666666
-70.5625245818182,-33.406186266666666
-70.5625245818182,-33.406186266666666
-70.5625245818182,-33.4034356
-70.5625245818182,-33.4034356
-70.5625245818182,-33.4034356
-70.5625245818182,-33.40068493333333
-70.5625245818182,-33.40068493333333
-70.5625245818182,-33.39793426666667
-70.55881038989898,-33.414438266666664
-70.55881038989898,-33.4116876
-70.55881038989898,-33.4116876
-70.55881038989898,-33.40893693333334
-70.55881038989898,-33.40893693333334
-70.55881038989898,-33.40893693333334
-70.55881038989898,-33.40893693333334
-70.55881038989898,-33.406186266666666
-70.55881038989898,-33.406186266666666
-70.55881038989898,-33.406186266666666
-70.55881038989898,-33.406186266666666
-70.55881038989898,-33.406186266666666
-70.55881038989898,-33.4034356
-70.55881038989898,-33.4034356
-70.55881038989898,-33.4034356
-70.55881038989898,-33.40068493333333
-70.55881038989898,-33.40068493333333
-70.55881038989898,-33.39793426666667
-70.55881038989898,-33.3951836
-70.5550961979798,-33.414438266666664
-70.5550961979798,-33.4116876
-70.5550961979798,-33.4116876
-70.5550961979798,-33.40893693333334
-70.5550961979798,-33.40893693333334
-70.5550961979798,-33.40893693333334
-70.5550961979798,-33.406186266666666
-70.5550961979798,-33.406186266666666
-70.5550961979798,-33.406186266666666
-70.5550961979798,-33.4034356
-70.5550961979798,-33.4034356
-70.5550961979798,-33.4034356
-70.5550961979798,-33.40068493333333
-70.5550961979798,-33.40068493333333
-70.5550961979798,-33.39793426666667
-70.5550961979798,-33.3951836
-70.55138200606059,-33.4116876
-70.55138200606059,-33.40893693333334
-70.55138200606059,-33.406186266666666
-70.55138200606059,-33.406186266666666
-70.55138200606059,-33.4034356
-70.55138200606059,-33.4034356
-70.55138200606059,-33.40068493333333
-70.55138200606059,-33.40068493333333
-70.55138200606059,-33.39793426666667
-70.55138200606059,-33.3951836
-70.5476678141414,-33.406186266666666
-70.5476678141414,-33.406186266666666
-70.5476678141414,-33.406186266666666
-70.5476678141414,-33.4034356
-70.5476678141414,-33.4034356
-70.5476678141414,-33.4034356
-70.5476678141414,-33.40068493333333
-70.5476678141414,-33.39243293333333
-70.54395362222222,-33.406186266666666
-70.54395362222222,-33.406186266666666
-70.54395362222222,-33.406186266666666
-70.54395362222222,-33.406186266666666
-70.54395362222222,-33.406186266666666
-70.54395362222222,-33.406186266666666
-70.54395362222222,-33.4034356
-70.54395362222222,-33.4034356
-70.54395362222222,-33.4034356
-70.54395362222222,-33.39243293333333
-70.54395362222222,-33.38968226666667
-70.54395362222222,-33.38968226666667
-70.54395362222222,-33.3869316
-70.54395362222222,-33.3869316
-70.54023943030303,-33.40893693333334
-70.54023943030303,-33.406186266666666
-70.54023943030303,-33.406186266666666
-70.54023943030303,-33.4034356
-70.54023943030303,-33.39243293333333
-70.54023943030303,-33.38968226666667
-70.54023943030303,-33.3869316
-70.54023943030303,-33.38418093333333
-70.53652523838383,-33.39243293333333
-70.53652523838383,-33.38968226666667
-70.53652523838383,-33.3869316
-70.53652523838383,-33.38418093333333
-70.53652523838383,-33.38143026666667
-70.53281104646464,-33.38143026666667
-70.51795427878787,-33.4034356
-70.51795427878787,-33.40068493333333
-70.51795427878787,-33.3704276
-70.51424008686868,-33.40068493333333
-70.51424008686868,-33.39793426666667
-70.51424008686868,-33.37317826666666
-70.51424008686868,-33.3704276
-70.5068117030303,-33.3951836
